config/scenarios/baseline_sweep/scenario_2022Q4_tech.yaml,70.95
config/scenarios/baseline_sweep/scenario_2023Q2_rand8_1c8e1d3e.yaml,78.72
config/scenarios/baseline_sweep/scenario_2022Q1.yaml,97.78
config/scenarios/baseline_sweep/scenario_2023Q1_rand9_2aba5c03.yaml,79.95
config/scenarios/baseline_sweep/scenario_2022Q4_rand7_5ec96480.yaml,81.96
config/scenarios/baseline_sweep/scenario_2025Q1_tech.yaml,88.03
config/scenarios/baseline_sweep/scenario_2022Q3_rand3_1.yaml,69.87
config/scenarios/baseline_sweep/scenario_2023Q2_rand3_2.yaml,65.21
config/scenarios/baseline_sweep/scenario_2023Q2.yaml,82.1
config/scenarios/baseline_sweep/scenario_2023Q4_rand7_2.yaml,63.44
config/scenarios/baseline_sweep/scenario_2021Q4.yaml,83.84
config/scenarios/baseline_sweep/scenario_2025Q2.yaml,105.98
config/scenarios/baseline_sweep/scenario_2022Q3_rand7_1.yaml,67.52
config/scenarios/baseline_sweep/scenario_2023Q1_rand7_1.yaml,57.39
config/scenarios/baseline_sweep/scenario_2023Q1.yaml,95.33
config/scenarios/baseline_sweep/scenario_2022Q2_rand8_5195513f.yaml,59.09
config/scenarios/baseline_sweep/scenario_2025Q2_rand12_1.yaml,69.48
config/scenarios/baseline_sweep/scenario_2022Q3_rand7_2.yaml,77.96
config/scenarios/baseline_sweep/scenario_2023Q2_rand7_1.yaml,57.42
config/scenarios/baseline_sweep/scenario_2022Q1_rand3_1.yaml,49.19
config/scenarios/baseline_sweep/scenario_2022Q1_rand4_d6d02e7e.yaml,52.66
config/scenarios/baseline_sweep/scenario_2022Q4.yaml,71.44
config/scenarios/baseline_sweep/scenario_2023Q1_rand3_2.yaml,68.67
config/scenarios/baseline_sweep/scenario_2025Q1_rand9_b32b0911.yaml,74.05
config/scenarios/baseline_sweep/scenario_2022Q3_rand12_1.yaml,58.15
config/scenarios/baseline_sweep/scenario_2022Q4_rand12_2.yaml,66.22
config/scenarios/baseline_sweep/scenario_2025Q3.yaml,75.48
config/scenarios/baseline_sweep/scenario_2025Q3_rand12_1.yaml,64.44
config/scenarios/baseline_sweep/scenario_2022Q1_tech.yaml,70.48
config/scenarios/baseline_sweep/scenario_2023Q4_rand3_1.yaml,64.28
config/scenarios/baseline_sweep/scenario_2025Q1.yaml,66.34
config/scenarios/baseline_sweep/scenario_2024Q1_rand12_1.yaml,63.21
config/scenarios/baseline_sweep/scenario_2021Q4_rand12_2.yaml,76.51
config/scenarios/baseline_sweep/scenario_2021Q4_rand7_1.yaml,70.56
config/scenarios/baseline_sweep/scenario_2024Q1_rand3_2.yaml,55.6
