config/scenarios/baseline_sweep/scenario_2022Q4_tech.yaml,79.75
config/scenarios/baseline_sweep/scenario_2022Q1.yaml,71.05
config/scenarios/baseline_sweep/scenario_2023Q2_rand8_1c8e1d3e.yaml,125.82
config/scenarios/baseline_sweep/scenario_2022Q4_rand7_5ec96480.yaml,97.71
config/scenarios/baseline_sweep/scenario_2025Q1_tech.yaml,80.43
config/scenarios/baseline_sweep/scenario_2023Q1_rand9_2aba5c03.yaml,86.36
config/scenarios/baseline_sweep/scenario_2023Q2.yaml,123.98
config/scenarios/baseline_sweep/scenario_2022Q3_rand3_1.yaml,85.89
config/scenarios/baseline_sweep/scenario_2025Q2.yaml,136.37
config/scenarios/baseline_sweep/scenario_2021Q4.yaml,148.39
config/scenarios/baseline_sweep/scenario_2023Q2_rand3_2.yaml,50.39
config/scenarios/baseline_sweep/scenario_2023Q4_rand7_2.yaml,63.49
config/scenarios/baseline_sweep/scenario_2023Q1.yaml,66.57
config/scenarios/baseline_sweep/scenario_2022Q3_rand7_1.yaml,58.32
config/scenarios/baseline_sweep/scenario_2023Q1_rand7_1.yaml,56.27
config/scenarios/baseline_sweep/scenario_2022Q2_rand8_5195513f.yaml,55.15
config/scenarios/baseline_sweep/scenario_2022Q3_rand7_2.yaml,62.11
config/scenarios/baseline_sweep/scenario_2025Q2_rand12_1.yaml,64.5
config/scenarios/baseline_sweep/scenario_2022Q1_rand4_d6d02e7e.yaml,51.61
config/scenarios/baseline_sweep/scenario_2023Q2_rand7_1.yaml,67.92
config/scenarios/baseline_sweep/scenario_2022Q1_rand3_1.yaml,62.59
config/scenarios/baseline_sweep/scenario_2022Q4.yaml,73.49
config/scenarios/baseline_sweep/scenario_2023Q1_rand3_2.yaml,50.96
config/scenarios/baseline_sweep/scenario_2025Q1_rand9_b32b0911.yaml,57.78
config/scenarios/baseline_sweep/scenario_2022Q3_rand12_1.yaml,65.42
config/scenarios/baseline_sweep/scenario_2022Q4_rand12_2.yaml,59.06
config/scenarios/baseline_sweep/scenario_2025Q3_rand12_1.yaml,52.2
config/scenarios/baseline_sweep/scenario_2025Q3.yaml,86.62
config/scenarios/baseline_sweep/scenario_2022Q1_tech.yaml,51.45
config/scenarios/baseline_sweep/scenario_2023Q4_rand3_1.yaml,45.94
config/scenarios/baseline_sweep/scenario_2025Q1.yaml,67.06
config/scenarios/baseline_sweep/scenario_2024Q1_rand12_1.yaml,59.84
config/scenarios/baseline_sweep/scenario_2021Q4_rand12_2.yaml,50.78
config/scenarios/baseline_sweep/scenario_2021Q4_rand7_1.yaml,57.92
config/scenarios/baseline_sweep/scenario_2024Q1_rand3_2.yaml,58.0
